timestamp,user_id,name,notification_sent
2025-06-25 00:11:42,unknown,Unknown Person,True
2025-06-25 00:11:43,01,HiepChu,True
2025-06-25 00:12:45,unknown,Unknown Person,True
2025-06-25 00:13:27,unknown,Unknown Person,True
2025-06-25 00:14:28,unknown,Unknown Person,True
2025-06-25 00:14:28,01,HiepChu,True
2025-06-25 00:15:39,unknown,Unknown Person,True
2025-06-25 00:15:39,01,HiepChu,True
2025-06-25 00:15:50,01,HiepChu,True
2025-06-25 00:16:00,01,HiepChu,True
2025-06-25 00:16:10,01,HiepChu,True
2025-06-25 00:16:20,01,HiepChu,True
2025-06-25 00:16:21,unknown,Unknown Person,True
2025-06-25 00:16:36,01,HiepChu,True
2025-06-25 00:16:51,unknown,Unknown Person,True
2025-06-25 00:16:53,01,HiepChu,True
2025-06-25 00:39:59,unknown,Unknown Person,True
2025-06-25 00:39:59,01,HiepChu,True
2025-06-25 00:40:07,01,HiepChu,False
2025-06-25 00:40:19,01,HiepChu,True
2025-06-25 00:40:30,unknown,Unknown Person,True
2025-06-25 00:40:32,01,HiepChu,True
2025-06-25 00:40:43,01,HiepChu,True
2025-06-25 00:48:56,01,HiepChu,True
2025-06-25 00:49:03,unknown,Unknown Person,True
2025-06-25 00:49:07,01,HiepChu,True
2025-06-25 00:51:12,01,HiepChu,True
2025-06-25 00:51:12,unknown,Unknown Person,True
2025-06-25 01:10:34,01,HiepChu,False
2025-06-25 01:10:40,unknown,Unknown Person,False
2025-06-25 01:10:44,01,HiepChu,False
2025-06-25 14:16:35,unknown,Unknown Person,False
2025-06-25 14:17:07,unknown,Unknown Person,False
2025-06-25 14:17:38,unknown,Unknown Person,False
2025-06-25 14:18:08,unknown,Unknown Person,False
2025-06-25 14:18:40,unknown,Unknown Person,False
2025-06-25 14:19:10,unknown,Unknown Person,False
2025-06-25 14:19:42,unknown,Unknown Person,False
2025-06-25 14:20:16,unknown,Unknown Person,False
2025-06-25 14:20:48,unknown,Unknown Person,False
2025-06-25 14:21:18,unknown,Unknown Person,False
2025-06-25 14:21:51,unknown,Unknown Person,False
2025-06-25 14:22:22,unknown,Unknown Person,False
2025-06-25 14:22:57,unknown,Unknown Person,False
2025-06-25 14:23:28,unknown,Unknown Person,False
2025-06-25 14:23:58,unknown,Unknown Person,False
2025-06-25 14:24:29,unknown,Unknown Person,False
2025-06-25 14:25:03,unknown,Unknown Person,False
2025-06-25 14:25:34,unknown,Unknown Person,False
2025-06-25 14:26:04,unknown,Unknown Person,False
2025-06-25 14:26:34,unknown,Unknown Person,False
2025-06-25 14:27:04,unknown,Unknown Person,False
2025-06-25 14:27:34,unknown,Unknown Person,False
2025-06-25 14:28:04,unknown,Unknown Person,False
2025-06-25 14:28:34,unknown,Unknown Person,False
2025-06-25 14:29:05,unknown,Unknown Person,False
2025-06-25 14:29:35,unknown,Unknown Person,False
2025-06-25 14:30:05,unknown,Unknown Person,False
2025-06-25 14:30:35,unknown,Unknown Person,False
2025-06-25 14:31:05,unknown,Unknown Person,False
2025-06-25 14:31:36,unknown,Unknown Person,False
2025-06-25 14:32:06,unknown,Unknown Person,False
2025-06-25 14:32:38,unknown,Unknown Person,False
2025-06-25 14:33:10,unknown,Unknown Person,False
2025-06-25 14:33:40,unknown,Unknown Person,False
2025-06-25 14:34:11,unknown,Unknown Person,False
2025-06-25 14:34:41,unknown,Unknown Person,False
2025-06-25 14:35:12,unknown,Unknown Person,False
2025-06-25 14:35:45,unknown,Unknown Person,False
2025-06-25 14:49:35,unknown,Unknown Person,False
2025-06-25 14:52:35,unknown,Unknown Person,False
2025-06-25 14:53:08,unknown,Unknown Person,False
2025-06-25 20:50:16,01,HiepChu,False
2025-06-25 20:50:26,01,HiepChu,False
2025-06-25 20:50:36,01,HiepChu,False
2025-06-25 20:50:46,01,HiepChu,False
2025-06-25 20:58:12,unknown,Unknown Person,False
2025-06-25 20:59:07,unknown,Unknown Person,False
2025-06-25 21:04:21,unknown,Unknown Person,False
2025-06-25 21:06:00,unknown,Unknown Person,False
2025-06-25 21:22:57,unknown,Unknown Person,False
2025-06-25 21:45:29,unknown,Unknown Person,False
2025-06-25 22:11:27,unknown,Unknown Person,False
2025-06-25 22:13:20,unknown,Unknown Person,False
